,,sWordTotal.v,atr-l,atr-l,atr-l,auxp-r,auxp-r,auxp-r,auxy-d,auxy-d,auxy-d,coord-c,coord-c,coord-c,obj-n,obj-n,obj-n,atr-a,atr-a,atr-a,adv-v,adv-v,adv-v,adv-n,adv-n,adv-n,auxk-u,auxk-u,auxk-u,atr-n,atr-n,atr-n,adv-d,adv-d,adv-d,pred-v,pred-v,pred-v,auxz-d,auxz-d,auxz-d,sbj-n,sbj-n,sbj-n,obj-v,obj-v,obj-v,pred_co-v,pred_co-v,pred_co-v,adv_co-v,adv_co-v,adv_co-v,atr-v,atr-v,atr-v,obj-p,obj-p,obj-p,auxc-c,auxc-c,auxc-c,obj_co-n,obj_co-n,obj_co-n,sbj-p,sbj-p,sbj-p,adv-p,adv-p,adv-p,adv-a,adv-a,adv-a,pnom-a,pnom-a,pnom-a,obj_co-v,obj_co-v,obj_co-v,adv_co-n,adv_co-n,adv_co-n,sbj-v,sbj-v,sbj-v,obj-a,obj-a,obj-a,atr-p,atr-p,atr-p,atr_co-n,atr_co-n,atr_co-n,sbj-a,sbj-a,sbj-a,atr_co-a,atr_co-a,atr_co-a,sbj_co-v,sbj_co-v,sbj_co-v,sbj_co-n,sbj_co-n,sbj_co-n,pnom-n,pnom-n,pnom-n,sbj-l,sbj-l,sbj-l,atr_co-v,atr_co-v,atr_co-v,pnom_co-a,pnom_co-a,pnom_co-a,obj-l,obj-l,obj-l,atr-d,atr-d,atr-d,pred-,pred-,pred-,adv_co-d,adv_co-d,adv_co-d,auxz-a,auxz-a,auxz-a,pnom-v,pnom-v,pnom-v,atv-a,atv-a,atv-a,obj_co-a,obj_co-a,obj_co-a,pnom_co-n,pnom_co-n,pnom_co-n,apos-u,apos-u,apos-u,adv-l,adv-l,adv-l,ocomp-a,ocomp-a,ocomp-a,auxg-u,auxg-u,auxg-u,adv-,adv-,adv-,pnom_co-v,pnom_co-v,pnom_co-v,pnom-p,pnom-p,pnom-p,adv_co-a,adv_co-a,adv_co-a,coord-u,coord-u,coord-u,ocomp-n,ocomp-n,ocomp-n,atvv-a,atvv-a,atvv-a,adv_co-p,adv_co-p,adv_co-p,sbj_co-a,sbj_co-a,sbj_co-a,obj_co-l,obj_co-l,obj_co-l,ocomp_co-a,ocomp_co-a,ocomp_co-a,atvv-p,atvv-p,atvv-p,obj_co-p,obj_co-p,obj_co-p,exd-n,exd-n,exd-n,obj_ap_co-n,obj_ap_co-n,obj_ap_co-n,pred-a,pred-a,pred-a,obj_ap_co-v,obj_ap_co-v,obj_ap_co-v,pred_co-,pred_co-,pred_co-,auxz-l,auxz-l,auxz-l,sbj_ap-v,sbj_ap-v,sbj_ap-v,ocomp_co-n,ocomp_co-n,ocomp_co-n,obj_ap-n,obj_ap-n,obj_ap-n,auxz-p,auxz-p,auxz-p,pred_ap_co-v,pred_ap_co-v,pred_ap_co-v,pred-e,pred-e,pred-e,sbj_co-l,sbj_co-l,sbj_co-l,sbj_ap_co-n,sbj_ap_co-n,sbj_ap_co-n,obj_ap-v,obj_ap-v,obj_ap-v,obj_ap-p,obj_ap-p,obj_ap-p,adv-e,adv-e,adv-e,pnom-d,pnom-d,pnom-d,pred_co-a,pred_co-a,pred_co-a,apos-,apos-,apos-,atv_co-a,atv_co-a,atv_co-a,atr_co-l,atr_co-l,atr_co-l,sbj_ap-p,sbj_ap-p,sbj_ap-p,obj-,obj-,obj-,auxz-i,auxz-i,auxz-i,auxy-v,auxy-v,auxy-v,atv-v,atv-v,atv-v,atr_co-p,atr_co-p,atr_co-p,adv_co-l,adv_co-l,adv_co-l,adv_co-,adv_co-,adv_co-,sbj_ap_co-v,sbj_ap_co-v,sbj_ap_co-v,sbj_co-p,sbj_co-p,sbj_co-p,adv_ap_co-v,adv_ap_co-v,adv_ap_co-v,obj_co-,obj_co-,obj_co-,sbj-,sbj-,sbj-,ocomp-p,ocomp-p,ocomp-p,obj-d,obj-d,obj-d,sbj_ap-n,sbj_ap-n,sbj_ap-n,ocomp_co-v,ocomp_co-v,ocomp_co-v,coord-r,coord-r,coord-r,pred_ap_co-,pred_ap_co-,pred_ap_co-,atr-,atr-,atr-,auxy-c,auxy-c,auxy-c,atv-n,atv-n,atv-n,sbj_ap_co-l,sbj_ap_co-l,sbj_ap_co-l,exd-v,exd-v,exd-v,adv_ap-p,adv_ap-p,adv_ap-p,adv_ap-v,adv_ap-v,adv_ap-v,sbj_ap-a,sbj_ap-a,sbj_ap-a,auxc-r,auxc-r,auxc-r,auxz-n,auxz-n,auxz-n,pred_ap-v,pred_ap-v,pred_ap-v,atr_co-,atr_co-,atr_co-,exd-x,exd-x,exd-x,pnom_co-p,pnom_co-p,pnom_co-p,atvv_co-v,atvv_co-v,atvv_co-v,auxv-v,auxv-v,auxv-v,pnom-,pnom-,pnom-,obj_ap_co-a,obj_ap_co-a,obj_ap_co-a,atvv-v,atvv-v,atvv-v,obj_ap-a,obj_ap-a,obj_ap-a,auxy-a,auxy-a,auxy-a,adv_ap-n,adv_ap-n,adv_ap-n,coord-d,coord-d,coord-d,atr_co-d,atr_co-d,atr_co-d,apos-e,apos-e,apos-e,coord-,coord-,coord-,adv-r,adv-r,adv-r,pnom-l,pnom-l,pnom-l,atv_co-v,atv_co-v,atv_co-v,auxp-d,auxp-d,auxp-d,atr_ap_co-v,atr_ap_co-v,atr_ap_co-v,sbj-x,sbj-x,sbj-x,atr_ap-n,atr_ap-n,atr_ap-n,obj_ap_co-l,obj_ap_co-l,obj_ap_co-l,auxp-c,auxp-c,auxp-c,exd-l,exd-l,exd-l,exd_co-n,exd_co-n,exd_co-n,obj_ap-l,obj_ap-l,obj_ap-l,pred-c,pred-c,pred-c,auxp_co-r,auxp_co-r,auxp_co-r,auxy_co-d,auxy_co-d,auxy_co-d,adv_co-e,adv_co-e,adv_co-e,atr_ap_co-a,atr_ap_co-a,atr_ap_co-a,atv-p,atv-p,atv-p,pnom_ap-p,pnom_ap-p,pnom_ap-p,sbj_ap_co-p,sbj_ap_co-p,sbj_ap_co-p,atvv-n,atvv-n,atvv-n,auxy-p,auxy-p,auxy-p,missing-d,missing-d,missing-d,sbj_ap_co-a,sbj_ap_co-a,sbj_ap_co-a,missing-n,missing-n,missing-n,sbj_ap-l,sbj_ap-l,sbj_ap-l,auxr-d,auxr-d,auxr-d,pnom_co-d,pnom_co-d,pnom_co-d,adv_ap_co-,adv_ap_co-,adv_ap_co-,atr_ap-p,atr_ap-p,atr_ap-p,atr_ap_co-n,atr_ap_co-n,atr_ap_co-n,auxy-u,auxy-u,auxy-u,pnom_ap_co-n,pnom_ap_co-n,pnom_ap_co-n,pnom_ap_co-v,pnom_ap_co-v,pnom_ap_co-v,pnom_co-,pnom_co-,pnom_co-,atvv_co-a,atvv_co-a,atvv_co-a,adv-c,adv-c,adv-c,pnom_ap-v,pnom_ap-v,pnom_ap-v,pred-n,pred-n,pred-n,obj-c,obj-c,obj-c,atr-e,atr-e,atr-e,auxc-d,auxc-d,auxc-d,obj_co-e,obj_co-e,obj_co-e,pred_co-e,pred_co-e,pred_co-e,atr_ap-a,atr_ap-a,atr_ap-a,pnom_ap-a,pnom_ap-a,pnom_ap-a,auxy-l,auxy-l,auxy-l,exd-c,exd-c,exd-c,adv-x,adv-x,adv-x,exd-d,exd-d,exd-d,obj_ap_co-x,obj_ap_co-x,obj_ap_co-x,missing-v,missing-v,missing-v,sbj-e,sbj-e,sbj-e,adv_ap-a,adv_ap-a,adv_ap-a,ocomp-v,ocomp-v,ocomp-v,adv_co-x,adv_co-x,adv_co-x,auxg-c,auxg-c,auxg-c,obj_co-d,obj_co-d,obj_co-d,sbj_ap_co-,sbj_ap_co-,sbj_ap_co-,atr_co-e,atr_co-e,atr_co-e,obj-e,obj-e,obj-e,adv_ap-l,adv_ap-l,adv_ap-l,atr-r,atr-r,atr-r,auxc-n,auxc-n,auxc-n,auxy-,auxy-,auxy-,adv_ap_co-n,adv_ap_co-n,adv_ap_co-n,atr--,atr--,atr--,auxv-d,auxv-d,auxv-d,coord_co-c,coord_co-c,coord_co-c,missing-p,missing-p,missing-p,obj--,obj--,obj--,adv-m,adv-m,adv-m,adv-t,adv-t,adv-t,adv_co-t,adv_co-t,adv_co-t,apos-c,apos-c,apos-c,atr-m,atr-m,atr-m,atr-t,atr-t,atr-t,auxc-l,auxc-l,auxc-l,auxk--,auxk--,auxk--,auxp-n,auxp-n,auxp-n,auxy-n,auxy-n,auxy-n,auxy-r,auxy-r,auxy-r,coord-a,coord-a,coord-a,coord-e,coord-e,coord-e,coord-v,coord-v,coord-v,coord_exd0_pred-c,coord_exd0_pred-c,coord_exd0_pred-c,exd--,exd--,exd--,exd-p,exd-p,exd-p,missing-l,missing-l,missing-l,missing-r,missing-r,missing-r,obj-r,obj-r,obj-r,obj-t,obj-t,obj-t,obj_co--,obj_co--,obj_co--,pnom_ap-n,pnom_ap-n,pnom_ap-n,pred_ap_co-e,pred_ap_co-e,pred_ap_co-e,sbj-r,sbj-r,sbj-r,sbj-t,sbj-t,sbj-t,sbj_co--,sbj_co--,sbj_co--,sbj_co-e,sbj_co-e,sbj_co-e
,,,1,1,1,2,2,2,3,3,3,4,4,4,5,5,5,6,6,6,7,7,7,8,8,8,9,9,9,10,10,10,11,11,11,12,12,12,13,13,13,14,14,14,15,15,15,16,16,16,17,17,17,18,18,18,19,19,19,20,20,20,21,21,21,22,22,22,23,23,23,24,24,24,25,25,25,26,26,26,27,27,27,28,28,28,29,29,29,30,30,30,31,31,31,32,32,32,33,33,33,34,34,34,35,35,35,36,36,36,37,37,37,38,38,38,39,39,39,40,40,40,41,41,41,42,42,42,43,43,43,44,44,44,45,45,45,46,46,46,47,47,47,48,48,48,49,49,49,50,50,50,51,51,51,52,52,52,53,53,53,54,54,54,55,55,55,56,56,56,57,57,57,58,58,58,59,59,59,60,60,60,61,61,61,62,62,62,63,63,63,64,64,64,65,65,65,66,66,66,67,67,67,68,68,68,69,69,69,70,70,70,71,71,71,72,72,72,73,73,73,74,74,74,75,75,75,76,76,76,77,77,77,78,78,78,79,79,79,80,80,80,81,81,81,82,82,82,83,83,83,84,84,84,85,85,85,86,86,86,87,87,87,88,88,88,89,89,89,90,90,90,91,91,91,92,92,92,93,93,93,94,94,94,95,95,95,96,96,96,97,97,97,98,98,98,99,99,99,100,100,100,101,101,101,102,102,102,103,103,103,104,104,104,105,105,105,106,106,106,107,107,107,108,108,108,109,109,109,110,110,110,111,111,111,112,112,112,113,113,113,114,114,114,115,115,115,116,116,116,117,117,117,118,118,118,119,119,119,120,120,120,121,121,121,122,122,122,123,123,123,124,124,124,125,125,125,126,126,126,127,127,127,128,128,128,129,129,129,130,130,130,131,131,131,132,132,132,133,133,133,134,134,134,135,135,135,136,136,136,137,137,137,138,138,138,139,139,139,140,140,140,141,141,141,142,142,142,143,143,143,144,144,144,145,145,145,146,146,146,147,147,147,148,148,148,149,149,149,150,150,150,151,151,151,152,152,152,153,153,153,154,154,154,155,155,155,156,156,156,157,157,157,158,158,158,159,159,159,160,160,160,161,161,161,162,162,162,163,163,163,164,164,164,165,165,165,166,166,166,167,167,167,168,168,168,169,169,169,170,170,170,171,171,171,172,172,172,173,173,173,174,174,174,175,175,175,176,176,176,177,177,177,178,178,178,179,179,179,180,180,180,181,181,181,182,182,182,183,183,183,184,184,184,185,185,185,186,186,186,187,187,187,188,188,188,189,189,189,190,190,190,191,191,191,192,192,192,193,193,193,194,194,194,195,195,195,196,196,196,197,197,197,198,198,198,199,199,199,200,200,200,201,201,201,202,202,202,203,203,203,204,204,204,205,205,205,206,206,206,207,207,207,208,208,208,209,209,209,210,210,210,211,211,211,212,212,212,213,213,213,214,214,214,215,215,215,216,216,216,217,217,217,218,218,218,219,219,219,220,220,220,221,221,221,222,222,222,223,223,223,224,224,224,225,225,225,226,226,226,227,227,227,228,228,228,229,229,229,230,230,230,231,231,231
labels.abc,Token Total,sWord Total,Raw Count,Rel. Freq. per 100 tokens,Z-Score,Raw Count,Rel. Freq. per 100 tokens,Z-Score,Raw Count,Rel. Freq. per 100 tokens,Z-Score,Raw Count,Rel. Freq. per 100 tokens,Z-Score,Raw Count,Rel. Freq. per 100 tokens,Z-Score,Raw Count,Rel. Freq. per 100 tokens,Z-Score,Raw Count,Rel. Freq. per 100 tokens,Z-Score,Raw Count,Rel. Freq. per 100 tokens,Z-Score,Raw Count,Rel. Freq. per 100 tokens,Z-Score,Raw Count,Rel. Freq. per 100 tokens,Z-Score,Raw Count,Rel. Freq. per 100 tokens,Z-Score,Raw Count,Rel. Freq. per 100 tokens,Z-Score,Raw Count,Rel. Freq. per 100 tokens,Z-Score,Raw Count,Rel. Freq. per 100 tokens,Z-Score,Raw Count,Rel. Freq. per 100 tokens,Z-Score,Raw Count,Rel. Freq. per 100 tokens,Z-Score,Raw Count,Rel. Freq. per 100 tokens,Z-Score,Raw Count,Rel. Freq. per 100 tokens,Z-Score,Raw Count,Rel. Freq. per 100 tokens,Z-Score,Raw Count,Rel. Freq. per 100 tokens,Z-Score,Raw Count,Rel. Freq. per 100 tokens,Z-Score,Raw Count,Rel. Freq. per 100 tokens,Z-Score,Raw Count,Rel. Freq. per 100 tokens,Z-Score,Raw Count,Rel. Freq. per 100 tokens,Z-Score,Raw Count,Rel. Freq. per 100 tokens,Z-Score,Raw Count,Rel. Freq. per 100 tokens,Z-Score,Raw Count,Rel. Freq. per 100 tokens,Z-Score,Raw Count,Rel. Freq. per 100 tokens,Z-Score,Raw Count,Rel. Freq. per 100 tokens,Z-Score,Raw Count,Rel. Freq. per 100 tokens,Z-Score,Raw Count,Rel. Freq. per 100 tokens,Z-Score,Raw Count,Rel. Freq. per 100 tokens,Z-Score,Raw Count,Rel. Freq. per 100 tokens,Z-Score,Raw Count,Rel. Freq. per 100 tokens,Z-Score,Raw Count,Rel. Freq. per 100 tokens,Z-Score,Raw Count,Rel. Freq. per 100 tokens,Z-Score,Raw Count,Rel. Freq. per 100 tokens,Z-Score,Raw Count,Rel. Freq. per 100 tokens,Z-Score,Raw Count,Rel. Freq. per 100 tokens,Z-Score,Raw Count,Rel. Freq. per 100 tokens,Z-Score,Raw Count,Rel. Freq. per 100 tokens,Z-Score,Raw Count,Rel. Freq. per 100 tokens,Z-Score,Raw Count,Rel. Freq. per 100 tokens,Z-Score,Raw Count,Rel. Freq. per 100 tokens,Z-Score,Raw Count,Rel. Freq. per 100 tokens,Z-Score,Raw Count,Rel. Freq. per 100 tokens,Z-Score,Raw Count,Rel. Freq. per 100 tokens,Z-Score,Raw Count,Rel. Freq. per 100 tokens,Z-Score,Raw Count,Rel. Freq. per 100 tokens,Z-Score,Raw Count,Rel. Freq. per 100 tokens,Z-Score,Raw Count,Rel. Freq. per 100 tokens,Z-Score,Raw Count,Rel. Freq. per 100 tokens,Z-Score,Raw Count,Rel. Freq. per 100 tokens,Z-Score,Raw Count,Rel. Freq. per 100 tokens,Z-Score,Raw Count,Rel. Freq. per 100 tokens,Z-Score,Raw Count,Rel. Freq. per 100 tokens,Z-Score,Raw Count,Rel. Freq. per 100 tokens,Z-Score,Raw Count,Rel. Freq. per 100 tokens,Z-Score,Raw Count,Rel. Freq. per 100 tokens,Z-Score,Raw Count,Rel. Freq. per 100 tokens,Z-Score,Raw Count,Rel. Freq. per 100 tokens,Z-Score,Raw Count,Rel. Freq. per 100 tokens,Z-Score,Raw Count,Rel. Freq. per 100 tokens,Z-Score,Raw Count,Rel. Freq. per 100 tokens,Z-Score,Raw Count,Rel. Freq. per 100 tokens,Z-Score,Raw Count,Rel. Freq. per 100 tokens,Z-Score,Raw Count,Rel. Freq. per 100 tokens,Z-Score,Raw Count,Rel. Freq. per 100 tokens,Z-Score,Raw Count,Rel. Freq. per 100 tokens,Z-Score,Raw Count,Rel. Freq. per 100 tokens,Z-Score,Raw Count,Rel. Freq. per 100 tokens,Z-Score,Raw Count,Rel. Freq. per 100 tokens,Z-Score,Raw Count,Rel. Freq. per 100 tokens,Z-Score,Raw Count,Rel. Freq. per 100 tokens,Z-Score,Raw Count,Rel. Freq. per 100 tokens,Z-Score,Raw Count,Rel. Freq. per 100 tokens,Z-Score,Raw Count,Rel. Freq. per 100 tokens,Z-Score,Raw Count,Rel. Freq. per 100 tokens,Z-Score,Raw Count,Rel. Freq. per 100 tokens,Z-Score,Raw Count,Rel. Freq. per 100 tokens,Z-Score,Raw Count,Rel. Freq. per 100 tokens,Z-Score,Raw Count,Rel. Freq. per 100 tokens,Z-Score,Raw Count,Rel. Freq. per 100 tokens,Z-Score,Raw Count,Rel. Freq. per 100 tokens,Z-Score,Raw Count,Rel. Freq. per 100 tokens,Z-Score,Raw Count,Rel. Freq. per 100 tokens,Z-Score,Raw Count,Rel. Freq. per 100 tokens,Z-Score,Raw Count,Rel. Freq. per 100 tokens,Z-Score,Raw Count,Rel. Freq. per 100 tokens,Z-Score,Raw Count,Rel. Freq. per 100 tokens,Z-Score,Raw Count,Rel. Freq. per 100 tokens,Z-Score,Raw Count,Rel. Freq. per 100 tokens,Z-Score,Raw Count,Rel. Freq. per 100 tokens,Z-Score,Raw Count,Rel. Freq. per 100 tokens,Z-Score,Raw Count,Rel. Freq. per 100 tokens,Z-Score,Raw Count,Rel. Freq. per 100 tokens,Z-Score,Raw Count,Rel. Freq. per 100 tokens,Z-Score,Raw Count,Rel. Freq. per 100 tokens,Z-Score,Raw Count,Rel. Freq. per 100 tokens,Z-Score,Raw Count,Rel. Freq. per 100 tokens,Z-Score,Raw Count,Rel. Freq. per 100 tokens,Z-Score,Raw Count,Rel. Freq. per 100 tokens,Z-Score,Raw Count,Rel. Freq. per 100 tokens,Z-Score,Raw Count,Rel. Freq. per 100 tokens,Z-Score,Raw Count,Rel. Freq. per 100 tokens,Z-Score,Raw Count,Rel. Freq. per 100 tokens,Z-Score,Raw Count,Rel. Freq. per 100 tokens,Z-Score,Raw Count,Rel. Freq. per 100 tokens,Z-Score,Raw Count,Rel. Freq. per 100 tokens,Z-Score,Raw Count,Rel. Freq. per 100 tokens,Z-Score,Raw Count,Rel. Freq. per 100 tokens,Z-Score,Raw Count,Rel. Freq. per 100 tokens,Z-Score,Raw Count,Rel. Freq. per 100 tokens,Z-Score,Raw Count,Rel. Freq. per 100 tokens,Z-Score,Raw Count,Rel. Freq. per 100 tokens,Z-Score,Raw Count,Rel. Freq. per 100 tokens,Z-Score,Raw Count,Rel. Freq. per 100 tokens,Z-Score,Raw Count,Rel. Freq. per 100 tokens,Z-Score,Raw Count,Rel. Freq. per 100 tokens,Z-Score,Raw Count,Rel. Freq. per 100 tokens,Z-Score,Raw Count,Rel. Freq. per 100 tokens,Z-Score,Raw Count,Rel. Freq. per 100 tokens,Z-Score,Raw Count,Rel. Freq. per 100 tokens,Z-Score,Raw Count,Rel. Freq. per 100 tokens,Z-Score,Raw Count,Rel. Freq. per 100 tokens,Z-Score,Raw Count,Rel. Freq. per 100 tokens,Z-Score,Raw Count,Rel. Freq. per 100 tokens,Z-Score,Raw Count,Rel. Freq. per 100 tokens,Z-Score,Raw Count,Rel. Freq. per 100 tokens,Z-Score,Raw Count,Rel. Freq. per 100 tokens,Z-Score,Raw Count,Rel. Freq. per 100 tokens,Z-Score,Raw Count,Rel. Freq. per 100 tokens,Z-Score,Raw Count,Rel. Freq. per 100 tokens,Z-Score,Raw Count,Rel. Freq. per 100 tokens,Z-Score,Raw Count,Rel. Freq. per 100 tokens,Z-Score,Raw Count,Rel. Freq. per 100 tokens,Z-Score,Raw Count,Rel. Freq. per 100 tokens,Z-Score,Raw Count,Rel. Freq. per 100 tokens,Z-Score,Raw Count,Rel. Freq. per 100 tokens,Z-Score,Raw Count,Rel. Freq. per 100 tokens,Z-Score,Raw Count,Rel. Freq. per 100 tokens,Z-Score,Raw Count,Rel. Freq. per 100 tokens,Z-Score,Raw Count,Rel. Freq. per 100 tokens,Z-Score,Raw Count,Rel. Freq. per 100 tokens,Z-Score,Raw Count,Rel. Freq. per 100 tokens,Z-Score,Raw Count,Rel. Freq. per 100 tokens,Z-Score,Raw Count,Rel. Freq. per 100 tokens,Z-Score,Raw Count,Rel. Freq. per 100 tokens,Z-Score,Raw Count,Rel. Freq. per 100 tokens,Z-Score,Raw Count,Rel. Freq. per 100 tokens,Z-Score,Raw Count,Rel. Freq. per 100 tokens,Z-Score,Raw Count,Rel. Freq. per 100 tokens,Z-Score,Raw Count,Rel. Freq. per 100 tokens,Z-Score,Raw Count,Rel. Freq. per 100 tokens,Z-Score,Raw Count,Rel. Freq. per 100 tokens,Z-Score,Raw Count,Rel. Freq. per 100 tokens,Z-Score,Raw Count,Rel. Freq. per 100 tokens,Z-Score,Raw Count,Rel. Freq. per 100 tokens,Z-Score,Raw Count,Rel. Freq. per 100 tokens,Z-Score,Raw Count,Rel. Freq. per 100 tokens,Z-Score,Raw Count,Rel. Freq. per 100 tokens,Z-Score,Raw Count,Rel. Freq. per 100 tokens,Z-Score,Raw Count,Rel. Freq. per 100 tokens,Z-Score,Raw Count,Rel. Freq. per 100 tokens,Z-Score,Raw Count,Rel. Freq. per 100 tokens,Z-Score,Raw Count,Rel. Freq. per 100 tokens,Z-Score,Raw Count,Rel. Freq. per 100 tokens,Z-Score,Raw Count,Rel. Freq. per 100 tokens,Z-Score,Raw Count,Rel. Freq. per 100 tokens,Z-Score,Raw Count,Rel. Freq. per 100 tokens,Z-Score,Raw Count,Rel. Freq. per 100 tokens,Z-Score,Raw Count,Rel. Freq. per 100 tokens,Z-Score,Raw Count,Rel. Freq. per 100 tokens,Z-Score,Raw Count,Rel. Freq. per 100 tokens,Z-Score,Raw Count,Rel. Freq. per 100 tokens,Z-Score,Raw Count,Rel. Freq. per 100 tokens,Z-Score,Raw Count,Rel. Freq. per 100 tokens,Z-Score,Raw Count,Rel. Freq. per 100 tokens,Z-Score,Raw Count,Rel. Freq. per 100 tokens,Z-Score,Raw Count,Rel. Freq. per 100 tokens,Z-Score,Raw Count,Rel. Freq. per 100 tokens,Z-Score,Raw Count,Rel. Freq. per 100 tokens,Z-Score,Raw Count,Rel. Freq. per 100 tokens,Z-Score,Raw Count,Rel. Freq. per 100 tokens,Z-Score,Raw Count,Rel. Freq. per 100 tokens,Z-Score,Raw Count,Rel. Freq. per 100 tokens,Z-Score,Raw Count,Rel. Freq. per 100 tokens,Z-Score,Raw Count,Rel. Freq. per 100 tokens,Z-Score,Raw Count,Rel. Freq. per 100 tokens,Z-Score,Raw Count,Rel. Freq. per 100 tokens,Z-Score,Raw Count,Rel. Freq. per 100 tokens,Z-Score,Raw Count,Rel. Freq. per 100 tokens,Z-Score,Raw Count,Rel. Freq. per 100 tokens,Z-Score,Raw Count,Rel. Freq. per 100 tokens,Z-Score,Raw Count,Rel. Freq. per 100 tokens,Z-Score,Raw Count,Rel. Freq. per 100 tokens,Z-Score,Raw Count,Rel. Freq. per 100 tokens,Z-Score,Raw Count,Rel. Freq. per 100 tokens,Z-Score,Raw Count,Rel. Freq. per 100 tokens,Z-Score,Raw Count,Rel. Freq. per 100 tokens,Z-Score,Raw Count,Rel. Freq. per 100 tokens,Z-Score,Raw Count,Rel. Freq. per 100 tokens,Z-Score,Raw Count,Rel. Freq. per 100 tokens,Z-Score,Raw Count,Rel. Freq. per 100 tokens,Z-Score,Raw Count,Rel. Freq. per 100 tokens,Z-Score,Raw Count,Rel. Freq. per 100 tokens,Z-Score,Raw Count,Rel. Freq. per 100 tokens,Z-Score,Raw Count,Rel. Freq. per 100 tokens,Z-Score,Raw Count,Rel. Freq. per 100 tokens,Z-Score,Raw Count,Rel. Freq. per 100 tokens,Z-Score,Raw Count,Rel. Freq. per 100 tokens,Z-Score,Raw Count,Rel. Freq. per 100 tokens,Z-Score,Raw Count,Rel. Freq. per 100 tokens,Z-Score,Raw Count,Rel. Freq. per 100 tokens,Z-Score,Raw Count,Rel. Freq. per 100 tokens,Z-Score,Raw Count,Rel. Freq. per 100 tokens,Z-Score,Raw Count,Rel. Freq. per 100 tokens,Z-Score,Raw Count,Rel. Freq. per 100 tokens,Z-Score,Raw Count,Rel. Freq. per 100 tokens,Z-Score,Raw Count,Rel. Freq. per 100 tokens,Z-Score,Raw Count,Rel. Freq. per 100 tokens,Z-Score,Raw Count,Rel. Freq. per 100 tokens,Z-Score,Raw Count,Rel. Freq. per 100 tokens,Z-Score,Raw Count,Rel. Freq. per 100 tokens,Z-Score,Raw Count,Rel. Freq. per 100 tokens,Z-Score,Raw Count,Rel. Freq. per 100 tokens,Z-Score,Raw Count,Rel. Freq. per 100 tokens,Z-Score,Raw Count,Rel. Freq. per 100 tokens,Z-Score,Raw Count,Rel. Freq. per 100 tokens,Z-Score,Raw Count,Rel. Freq. per 100 tokens,Z-Score,Raw Count,Rel. Freq. per 100 tokens,Z-Score
Polybius_Book1-2,46961,46961,7889,16.799,1.2138,4213,8.9713,0.8182,2899,6.1732,-0.4956,2598,5.5323,0.8961,2419,5.1511,0.5673,2064,4.3951,-0.0116,2044,4.3525,0.5915,1989,4.2354,0.9649,1744,3.7137,-0.7426,1784,3.7989,0.6695,1356,2.8875,0.0974,1281,2.7278,-0.5749,1038,2.2103,-0.6888,1258,2.6788,0.3673,927,1.974,-0.4245,815,1.7355,-0.7903,1060,2.2572,1.537,794,1.6908,0.4871,662,1.4097,-0.5037,431,0.9178,-1.6849,655,1.3948,0.5089,377,0.8028,-1.7118,466,0.9923,-0.5788,511,1.0881,0.1882,366,0.7794,-0.8876,405,0.8624,-0.2954,463,0.9859,0.1846,293,0.6239,-0.9437,367,0.7815,0.2338,397,0.8454,0.9268,268,0.5707,-0.0113,200,0.4259,-0.4718,272,0.5792,0.8829,129,0.2747,-1.3793,205,0.4365,-0.0621,208,0.4429,0.0933,156,0.3322,-1.2413,125,0.2662,-0.2706,120,0.2555,-0.4176,121,0.2577,-0.0435,78,0.1661,-0.8582,0,0,-1.5531,151,0.3215,1.3967,63,0.1342,-0.8326,58,0.1235,-1.1776,48,0.1022,-0.4116,66,0.1405,0.4178,54,0.115,-0.2024,49,0.1043,-0.1046,46,0.098,-0.3856,38,0.0809,-0.731,26,0.0554,-0.6731,0,0,-1.37,40,0.0852,0.0193,33,0.0703,-0.3859,41,0.0873,0.3903,24,0.0511,-0.537,33,0.0703,-0.0514,26,0.0554,-0.7741,28,0.0596,0.0846,14,0.0298,-0.8712,12,0.0256,-1.1181,18,0.0383,-0.1044,16,0.0341,-0.2026,20,0.0426,0.2268,4,0.0085,-0.8112,22,0.0468,0.5609,17,0.0362,0.105,2,0.0043,-1.1003,0,0,-0.8158,19,0.0405,0.7416,9,0.0192,-0.2546,8,0.017,-0.2752,17,0.0362,1.6221,11,0.0234,-0.031,2,0.0043,-0.8476,54,0.115,1.7889,10,0.0213,-0.0085,15,0.0319,0.5658,7,0.0149,-0.2562,3,0.0064,-0.7403,45,0.0958,1.7889,17,0.0362,1.0308,11,0.0234,1.1511,0,0,-1.0067,1,0.0021,-0.6024,7,0.0149,-0.1113,3,0.0064,-0.4844,0,0,-0.8912,1,0.0021,-0.6559,2,0.0043,-0.3375,2,0.0043,-1.2417,2,0.0043,-1.0594,6,0.0128,-0.1613,0,0,-1.1551,10,0.0213,0.8153,6,0.0128,0.1573,6,0.0128,0.2267,0,0,-0.9594,0,0,-0.9461,5,0.0106,0.0869,13,0.0277,1.698,16,0.0341,1.7224,11,0.0234,1.0569,9,0.0192,0.7549,0,0,-0.7073,0,0,-0.9509,2,0.0043,-0.4262,7,0.0149,0.7773,5,0.0106,0.1793,1,0.0021,-1.3404,4,0.0085,0.0791,4,0.0085,0.0911,2,0.0043,-0.5081,1,0.0021,-0.5823,6,0.0128,0.6434,2,0.0043,-0.363,0,0,-0.4472,0,0,-0.4472,5,0.0106,0.5151,0,0,-0.6891,4,0.0085,0.1808,0,0,-0.5957,5,0.0106,0.7309,2,0.0043,-0.2175,2,0.0043,-0.216,4,0.0085,0.4707,5,0.0106,0.5759,7,0.0149,1.5069,2,0.0043,-0.1503,12,0.0256,1.7889,0,0,-1.0809,11,0.0234,1.7889,0,0,-0.6213,1,0.0021,-0.4506,3,0.0064,0.443,2,0.0043,-0.0278,2,0.0043,-0.0254,4,0.0085,0.7494,1,0.0021,-0.2475,2,0.0043,0.0974,1,0.0021,-0.3712,0,0,-0.4472,0,0,-0.4472,0,0,-0.4472,0,0,-0.4472,0,0,-0.4472,8,0.017,1.7889,2,0.0043,0.1882,3,0.0064,0.7585,0,0,-0.7077,0,0,-0.7077,3,0.0064,0.802,3,0.0064,0.802,4,0.0085,1.3652,4,0.0085,1.3652,1,0.0021,-0.1434,2,0.0043,0.4007,6,0.0128,1.7889,6,0.0128,1.7889,0,0,-0.4472,0,0,-0.4472,0,0,-0.4472,0,0,-0.4472,0,0,-0.4472,0,0,-0.4472,0,0,-0.4472,2,0.0043,0.6168,1,0.0021,-0.0355,1,0.0021,-0.0355,1,0.0021,-0.0355,1,0.0021,-0.0159,5,0.0106,1.7889,5,0.0106,1.7889,5,0.0106,1.7889,5,0.0106,1.7889,2,0.0043,0.7607,2,0.0043,0.7607,0,0,-0.4472,0,0,-0.4472,0,0,-0.4472,0,0,-0.4472,0,0,-0.4472,4,0.0085,1.7889,4,0.0085,1.7889,1,0.0021,0.1733,1,0.0021,0.1733,0,0,-0.4472,0,0,-0.4472,0,0,-0.4472,0,0,-0.4472,3,0.0064,1.7889,3,0.0064,1.7889,0,0,-0.4472,0,0,-0.4472,0,0,-0.4472,0,0,-0.4472,2,0.0043,1.7889,2,0.0043,1.7889,2,0.0043,1.7889,2,0.0043,1.7889,2,0.0043,1.7889,2,0.0043,1.7889,1,0.0021,1.7889,1,0.0021,1.7889,1,0.0021,1.7889,1,0.0021,1.7889,1,0.0021,1.7889,1,0.0021,1.7889,1,0.0021,1.7889,1,0.0021,1.7889,1,0.0021,1.7889,1,0.0021,1.7889,1,0.0021,1.7889,1,0.0021,1.7889,1,0.0021,1.7889,1,0.0021,1.7889,1,0.0021,1.7889,1,0.0021,1.7889,1,0.0021,1.7889,1,0.0021,1.7889,1,0.0021,1.7889,1,0.0021,1.7889,1,0.0021,1.7889,1,0.0021,1.7889,1,0.0021,1.7889,1,0.0021,1.7889,1,0.0021,1.7889,1,0.0021,1.7889,1,0.0021,1.7889,1,0.0021,1.7889
Polybius_Book6,16375,16375,2598,15.8656,-0.2848,1336,8.1588,-1.3036,1009,6.1618,-0.5562,910,5.5573,0.9764,675,4.1221,-1.3105,862,5.2641,1.5111,530,3.2366,-1.6216,612,3.7374,-1.3469,625,3.8168,-0.3963,569,3.4748,-0.6606,455,2.7786,-0.3539,447,2.7298,-0.5657,496,3.029,0.6822,406,2.4794,-0.4474,264,1.6122,-1.4879,334,2.0397,1.1158,235,1.4351,-0.8462,273,1.6672,0.0915,221,1.3496,-0.6861,267,1.6305,0.9309,204,1.2458,-0.3031,189,1.1542,0.1129,213,1.3008,1.3552,160,0.9771,-0.266,189,1.1542,0.5522,106,0.6473,-1.0705,191,1.1664,0.9152,139,0.8489,-0.1746,142,0.8672,0.7664,109,0.6656,-0.6891,108,0.6595,0.5722,115,0.7023,1.4909,98,0.5985,1.0353,88,0.5374,0.5055,96,0.5863,1.6362,60,0.3664,-0.9747,65,0.3969,0.4389,81,0.4947,1.5673,77,0.4702,1.765,26,0.1588,-1.2583,48,0.2931,1.4667,30,0.1832,-0.0148,36,0.2198,0.3615,31,0.1893,0.2825,34,0.2076,1.2134,47,0.287,1.5316,18,0.1099,-0.6978,27,0.1649,0.7937,32,0.1954,1.2416,16,0.0977,-0.3956,23,0.1405,1.4451,20,0.1221,0.4504,32,0.1954,1.4437,7,0.0427,-1.3068,15,0.0916,0.5134,17,0.1038,0.9352,22,0.1344,1.72,14,0.0855,1.2961,14,0.0855,1.4323,6,0.0366,-0.3856,5,0.0305,-0.8363,7,0.0427,-0.2205,23,0.1405,1.6735,2,0.0122,-0.7172,7,0.0427,0.2435,1,0.0061,-0.8715,5,0.0305,-0.4664,8,0.0489,0.527,2,0.0122,-0.7725,14,0.0855,1.5567,5,0.0305,0.1277,7,0.0427,0.7663,7,0.0427,0.6432,3,0.0183,-0.7579,6,0.0366,0.7879,9,0.055,1.448,0,0,-0.4472,8,0.0489,1.4541,6,0.0366,0.8098,5,0.0305,0.5906,4,0.0244,0.2738,0,0,-0.4472,6,0.0366,1.055,2,0.0122,-1.4694,6,0.0366,1.2075,9,0.055,1.5922,1,0.0061,-0.8765,8,0.0489,1.7243,5,0.0305,0.9405,0,0,-0.7657,11,0.0672,1.7853,4,0.0244,1.369,2,0.0122,-0.1556,2,0.0122,-0.2958,1,0.0061,-0.5914,3,0.0183,0.5471,3,0.0183,0.8781,2,0.0122,0.136,2,0.0122,0.1575,4,0.0244,1.326,0,0,-1.3093,1,0.0061,-0.3648,1,0.0061,-0.2606,4,0.0244,1.1332,0,0,-0.7122,3,0.0183,0.7088,3,0.0183,1.0447,0,0,-0.8544,3,0.0183,1.1826,5,0.0305,1.6785,1,0.0061,-0.4378,1,0.0061,-0.2861,2,0.0122,0.5594,3,0.0183,1.5477,3,0.0183,1.0963,3,0.0183,1.3292,3,0.0183,1.2979,0,0,-0.4472,0,0,-0.4472,1,0.0061,-0.0949,2,0.0122,0.5657,4,0.0244,1.678,4,0.0244,1.7116,2,0.0122,1.0029,3,0.0183,1.6394,0,0,-0.7895,2,0.0122,1.1355,3,0.0183,1.4959,1,0.0061,0.0779,2,0.0122,1.2977,0,0,-0.4472,0,0,-1.0809,0,0,-0.4472,1,0.0061,0.1885,2,0.0122,1.3698,0,0,-1.0652,3,0.0183,1.7388,0,0,-0.5709,2,0.0122,1.3854,3,0.0183,1.7773,0,0,-0.6009,0,0,-0.8709,0,0,-0.4472,0,0,-0.4472,0,0,-0.4472,0,0,-0.4472,0,0,-0.4472,0,0,-0.4472,2,0.0122,1.6754,0,0,-0.7125,1,0.0061,0.7123,1,0.0061,0.7123,0,0,-0.7166,0,0,-0.7166,1,0.0061,0.778,1,0.0061,0.778,2,0.0122,1.7623,0,0,-0.6629,0,0,-0.4472,0,0,-0.4472,2,0.0122,1.7889,2,0.0122,1.7889,2,0.0122,1.7889,2,0.0122,1.7889,2,0.0122,1.7889,2,0.0122,1.7889,2,0.0122,1.7889,0,0,-0.6961,0,0,-0.5684,0,0,-0.5684,0,0,-0.5684,0,0,-0.5733,0,0,-0.4472,0,0,-0.4472,0,0,-0.4472,0,0,-0.4472,1,0.0061,1.3775,1,0.0061,1.3775,0,0,-0.4472,0,0,-0.4472,0,0,-0.4472,0,0,-0.4472,0,0,-0.4472,0,0,-0.4472,0,0,-0.4472,1,0.0061,1.6806,1,0.0061,1.6806,0,0,-0.4472,0,0,-0.4472,0,0,-0.4472,0,0,-0.4472,0,0,-0.4472,0,0,-0.4472,1,0.0061,1.7889,1,0.0061,1.7889,1,0.0061,1.7889,1,0.0061,1.7889,0,0,-0.4472,0,0,-0.4472,0,0,-0.4472,0,0,-0.4472,0,0,-0.4472,0,0,-0.4472,0,0,-0.4472,0,0,-0.4472,0,0,-0.4472,0,0,-0.4472,0,0,-0.4472,0,0,-0.4472,0,0,-0.4472,0,0,-0.4472,0,0,-0.4472,0,0,-0.4472,0,0,-0.4472,0,0,-0.4472,0,0,-0.4472,0,0,-0.4472,0,0,-0.4472,0,0,-0.4472,0,0,-0.4472,0,0,-0.4472,0,0,-0.4472,0,0,-0.4472,0,0,-0.4472,0,0,-0.4472,0,0,-0.4472,0,0,-0.4472,0,0,-0.4472,0,0,-0.4472,0,0,-0.4472,0,0,-0.4472
Polybius_Book9,10966,10966,1663,15.1651,-1.4094,915,8.344,-0.8199,677,6.1736,-0.4935,552,5.0337,-0.7051,509,4.6416,-0.3625,423,3.8574,-0.9538,440,4.0124,-0.083,429,3.9121,-0.5359,444,4.0489,0.3834,427,3.8939,1.0594,334,3.0458,0.7533,325,2.9637,0.5088,381,3.4744,1.4281,260,2.371,-0.8904,275,2.5078,1.1444,182,1.6597,-1.2652,205,1.8694,0.4128,171,1.5594,-1.7155,179,1.6323,0.1721,164,1.4955,0.4354,125,1.1399,-0.8802,143,1.304,0.8907,127,1.1581,0.4606,121,1.1034,0.2508,153,1.3952,1.478,89,0.8116,-0.4785,115,1.0487,0.4388,148,1.3496,1.537,61,0.5563,-1.1658,91,0.8298,0.7866,46,0.4195,-1.0049,44,0.4012,-0.6472,39,0.3556,-0.8829,70,0.6383,1.2295,47,0.4286,-0.1517,45,0.4104,-0.3605,46,0.4195,1.0257,17,0.155,-1.1649,27,0.2462,-0.5122,37,0.3374,0.9355,27,0.2462,0.6081,25,0.228,0.3614,21,0.1915,0.0735,28,0.2553,1.6183,21,0.1915,0.7557,6,0.0547,-0.911,10,0.0912,-1.3795,11,0.1003,-0.4959,18,0.1641,0.7791,8,0.073,-1.218,13,0.1185,0.6419,4,0.0365,-0.9914,10,0.0912,-0.0567,13,0.1185,1.0585,8,0.073,-0.2719,11,0.1003,0.8196,6,0.0547,-0.4395,7,0.0638,-0.6277,8,0.073,0.5161,15,0.1368,1.663,6,0.0547,0.3684,5,0.0456,-0.0682,0,0,-0.7706,0,0,-1.0039,4,0.0365,-0.7905,11,0.1003,1.4958,6,0.0547,1.0588,8,0.073,1.3278,6,0.0547,0.9908,2,0.0182,-0.3108,4,0.0365,0.496,6,0.0547,1.2876,7,0.0638,1.3973,2,0.0182,-0.7712,1,0.0091,-0.9182,3,0.0274,0.1983,0,0,-0.4472,0,0,-1.1372,4,0.0365,0.8046,5,0.0456,1.4104,5,0.0456,1.4681,0,0,-0.4472,0,0,-1.1565,2,0.0182,-0.0655,2,0.0182,0.0944,0,0,-0.6895,2,0.0182,0.1756,1,0.0091,-0.344,1,0.0091,-0.3447,4,0.0365,1.1434,0,0,-0.4826,1,0.0091,-0.6183,2,0.0182,0.5308,2,0.0182,1.0487,1,0.0091,-0.3142,0,0,-1.0889,2,0.0182,0.865,0,0,-1.7076,0,0,-0.9594,1,0.0091,-0.0987,1,0.0091,-0.1106,0,0,-0.9474,0,0,-0.6926,0,0,-0.73,3,0.0274,1.3815,3,0.0274,1.4131,2,0.0182,1.0338,0,0,-0.8544,0,0,-0.999,0,0,-0.6193,1,0.0091,0.2392,2,0.0182,1.5553,2,0.0182,1.3189,1,0.0091,0.1968,2,0.0182,1.0859,0,0,-0.9526,0,0,-0.8732,4,0.0365,1.7889,0,0,-0.4472,0,0,-0.9218,0,0,-0.6891,0,0,-0.6196,0,0,-0.5957,0,0,-1.0709,0,0,-0.7879,2,0.0182,1.6377,0,0,-1.0565,0,0,-0.6906,0,0,-0.9126,1,0.0091,0.7295,0,0,-0.4472,1,0.0091,0.8942,0,0,-0.4472,0,0,-0.6213,0,0,-0.8291,1,0.0091,1.0793,0,0,-0.5703,2,0.0182,1.7382,0,0,-0.7116,0,0,-0.5099,0,0,-0.6009,1,0.0091,1.2944,2,0.0182,1.7889,2,0.0182,1.7889,2,0.0182,1.7889,0,0,-0.4472,0,0,-0.4472,0,0,-0.4472,0,0,-0.6212,1,0.0091,1.379,1,0.0091,1.4107,1,0.0091,1.4107,0,0,-0.7166,0,0,-0.7166,0,0,-0.7144,0,0,-0.7144,0,0,-0.5396,1,0.0091,1.5879,0,0,-0.4472,0,0,-0.4472,0,0,-0.4472,0,0,-0.4472,0,0,-0.4472,0,0,-0.4472,0,0,-0.4472,0,0,-0.4472,0,0,-0.4472,0,0,-0.6961,1,0.0091,1.7406,1,0.0091,1.7406,1,0.0091,1.7406,0,0,-0.5733,0,0,-0.4472,0,0,-0.4472,0,0,-0.4472,0,0,-0.4472,0,0,-0.7127,0,0,-0.7127,1,0.0091,1.7889,1,0.0091,1.7889,0,0,-0.4472,0,0,-0.4472,0,0,-0.4472,0,0,-0.4472,0,0,-0.4472,0,0,-0.618,0,0,-0.618,0,0,-0.4472,0,0,-0.4472,0,0,-0.4472,0,0,-0.4472,0,0,-0.4472,0,0,-0.4472,0,0,-0.4472,0,0,-0.4472,0,0,-0.4472,0,0,-0.4472,0,0,-0.4472,0,0,-0.4472,0,0,-0.4472,0,0,-0.4472,0,0,-0.4472,0,0,-0.4472,0,0,-0.4472,0,0,-0.4472,0,0,-0.4472,0,0,-0.4472,0,0,-0.4472,0,0,-0.4472,0,0,-0.4472,0,0,-0.4472,0,0,-0.4472,0,0,-0.4472,0,0,-0.4472,0,0,-0.4472,0,0,-0.4472,0,0,-0.4472,0,0,-0.4472,0,0,-0.4472,0,0,-0.4472,0,0,-0.4472,0,0,-0.4472,0,0,-0.4472,0,0,-0.4472,0,0,-0.4472,0,0,-0.4472,0,0,-0.4472,0,0,-0.4472,0,0,-0.4472,0,0,-0.4472,0,0,-0.4472
Polybius_Book10,14060,14060,2313,16.4509,0.6549,1240,8.8193,0.4213,875,6.2233,-0.2293,745,5.2987,0.1459,663,4.7155,-0.2276,643,4.5733,0.3007,578,4.111,0.1125,596,4.239,0.9816,519,3.6913,-0.8179,464,3.3001,-1.3775,437,3.1081,1.0114,374,2.66,-0.8864,315,2.2404,-0.6384,343,2.4395,-0.6105,315,2.2404,0.3585,277,1.9701,0.6797,229,1.6287,-0.285,236,1.6785,0.2809,191,1.3585,-0.6591,206,1.4651,0.3239,162,1.1522,-0.8132,171,1.2162,0.4348,124,0.8819,-1.2709,191,1.3585,1.2947,128,0.9104,-0.3844,194,1.3798,1.569,138,0.9815,0.1668,141,1.0028,0.3515,129,0.9175,1.079,110,0.7824,0.3606,61,0.4339,-0.9103,80,0.569,0.5443,68,0.4836,0.1279,55,0.3912,-0.5434,58,0.4125,-0.3342,78,0.5548,1.6554,57,0.4054,0.6596,37,0.2632,-0.2947,39,0.2774,-0.195,29,0.2063,-0.6749,25,0.1778,-0.644,26,0.1849,-5.00E-04,18,0.128,-0.5729,20,0.1422,-0.6707,23,0.1636,-0.0375,26,0.1849,0.458,22,0.1565,1.0011,26,0.1849,1.193,7,0.0498,-0.91,21,0.1494,1.3259,11,0.0782,-0.8295,26,0.1849,1.5082,12,0.0853,-0.1417,9,0.064,-0.6422,7,0.0498,-1.2513,6,0.0427,-1.0825,10,0.0711,0.0049,8,0.0569,-1.2394,9,0.064,-0.1437,5,0.0356,-0.406,11,0.0782,1.5383,6,0.0427,-0.2205,6,0.0427,-0.0278,15,0.1067,1.5034,7,0.0498,1.4276,4,0.0284,-0.3111,2,0.0142,-1.4937,1,0.0071,-0.8619,8,0.0569,1.0821,0,0,-0.8158,0,0,-1.7447,0,0,-1.0886,0,0,-0.8827,3,0.0213,-0.359,1,0.0071,-1.0423,4,0.0284,0.2436,0,0,-0.4472,4,0.0284,0.3678,0,0,-1.0901,1,0.0071,-0.6797,3,0.0213,0.0992,0,0,-0.4472,2,0.0142,-0.2985,3,0.0213,0.6598,4,0.0284,0.7115,0,0,-0.6895,1,0.0071,-0.7895,2,0.0142,-0.079,0,0,-0.8912,0,0,-0.7657,0,0,-0.4826,2,0.0142,0.0442,1,0.0071,-0.7391,1,0.0071,-1.4385,3,0.0213,0.8132,3,0.0213,0.8153,0,0,-1.5203,2,0.0142,0.4382,2,0.0142,0.3405,0,0,-0.9461,3,0.0213,1.4964,1,0.0071,-0.2693,0,0,-0.6926,0,0,-0.73,0,0,-0.7122,0,0,-0.7073,1,0.0071,-0.1767,3,0.0213,1.2666,0,0,-0.999,0,0,-0.6193,2,0.0142,1.3901,1,0.0071,-0.1339,0,0,-0.9847,1,0.0071,-0.0969,0,0,-0.7999,1,0.0071,-0.0673,2,0.0142,0.8115,0,0,-0.4472,0,0,-0.4472,0,0,-0.9218,3,0.0213,1.5017,0,0,-0.6196,1,0.0071,0.0757,0,0,-1.0709,1,0.0071,0.1539,1,0.0071,0.1574,0,0,-1.0565,0,0,-0.6906,1,0.0071,0.2403,0,0,-0.9384,0,0,-0.4472,1,0.0071,0.4601,0,0,-0.4472,0,0,-0.6213,0,0,-0.8291,1,0.0071,0.608,0,0,-0.5703,0,0,-0.5709,0,0,-0.7116,0,0,-0.5099,2,0.0142,1.7051,1,0.0071,0.8185,0,0,-0.4472,0,0,-0.4472,0,0,-0.4472,0,0,-0.4472,0,0,-0.4472,0,0,-0.4472,0,0,-0.6212,0,0,-0.7125,0,0,-0.7077,0,0,-0.7077,0,0,-0.7166,0,0,-0.7166,0,0,-0.7144,0,0,-0.7144,0,0,-0.5396,0,0,-0.6629,0,0,-0.4472,0,0,-0.4472,0,0,-0.4472,0,0,-0.4472,0,0,-0.4472,0,0,-0.4472,0,0,-0.4472,0,0,-0.4472,0,0,-0.4472,1,0.0071,1.4717,0,0,-0.5684,0,0,-0.5684,0,0,-0.5684,0,0,-0.5733,0,0,-0.4472,0,0,-0.4472,0,0,-0.4472,0,0,-0.4472,0,0,-0.7127,0,0,-0.7127,0,0,-0.4472,0,0,-0.4472,0,0,-0.4472,0,0,-0.4472,0,0,-0.4472,0,0,-0.4472,0,0,-0.4472,0,0,-0.618,0,0,-0.618,1,0.0071,1.7889,1,0.0071,1.7889,1,0.0071,1.7889,1,0.0071,1.7889,0,0,-0.4472,0,0,-0.4472,0,0,-0.4472,0,0,-0.4472,0,0,-0.4472,0,0,-0.4472,0,0,-0.4472,0,0,-0.4472,0,0,-0.4472,0,0,-0.4472,0,0,-0.4472,0,0,-0.4472,0,0,-0.4472,0,0,-0.4472,0,0,-0.4472,0,0,-0.4472,0,0,-0.4472,0,0,-0.4472,0,0,-0.4472,0,0,-0.4472,0,0,-0.4472,0,0,-0.4472,0,0,-0.4472,0,0,-0.4472,0,0,-0.4472,0,0,-0.4472,0,0,-0.4472,0,0,-0.4472,0,0,-0.4472,0,0,-0.4472,0,0,-0.4472,0,0,-0.4472,0,0,-0.4472,0,0,-0.4472,0,0,-0.4472,0,0,-0.4472,0,0,-0.4472,0,0,-0.4472,0,0,-0.4472,0,0,-0.4472
Polybius_Book21,11560,11560,1842,15.9343,-0.1745,1040,8.9965,0.884,763,6.6003,1.7745,560,4.8443,-1.3134,644,5.5709,1.3333,453,3.9187,-0.8464,527,4.5588,1.0006,464,4.0138,-0.0638,509,4.4031,1.5734,429,3.7111,0.3092,289,2.5,-1.5083,368,3.1834,1.5182,249,2.154,-0.7831,344,2.9758,1.5809,261,2.2578,0.4096,220,1.9031,0.2599,167,1.4446,-0.8186,198,1.7128,0.8559,246,2.128,1.6768,159,1.3754,-0.0054,182,1.5744,1.4876,137,1.1851,0.2733,126,1.09,0.0337,79,0.6834,-1.4678,94,0.8131,-0.7582,118,1.0208,0.2754,60,0.519,-1.7053,78,0.6747,-0.7701,69,0.5969,-0.9135,68,0.5882,-1.3847,90,0.7785,1.3542,42,0.3633,-0.9163,37,0.3201,-1.1632,57,0.4931,0.1877,40,0.346,-1.0882,47,0.4066,-0.4135,40,0.346,-0.8829,37,0.3201,0.163,27,0.2336,-0.6403,40,0.346,1.0412,21,0.1817,-0.5726,38,0.3287,1.207,7,0.0606,-1.2589,18,0.1557,-0.3975,16,0.1384,-0.754,9,0.0779,-0.6671,17,0.1471,0.6584,7,0.0606,-1.2884,5,0.0433,-1.0061,15,0.1298,0.6733,10,0.0865,-0.5265,9,0.0779,-0.2941,12,0.1038,0.1247,13,0.1125,0.8712,13,0.1125,1.3957,5,0.0433,-1.0627,5,0.0433,-0.7484,9,0.0779,0.6224,6,0.0519,-1.0306,1,0.0087,-0.956,5,0.0433,-0.1991,9,0.0779,1.6273,0,0,-0.7706,7,0.0606,0.4202,4,0.0346,-1.1074,7,0.0606,0.4981,5,0.0433,0.3403,0,0,-1.0979,3,0.026,-0.2,5,0.0433,0.3857,4,0.0346,0.3794,1,0.0087,-0.7107,0,0,-0.8827,3,0.026,0.2659,5,0.0433,1.2036,0,0,-1.0423,0,0,-0.4472,1,0.0087,-0.6762,0,0,-1.0901,0,0,-1.0651,0,0,-1.1008,0,0,-0.4472,1,0.0087,-0.6308,2,0.0173,-0.2761,0,0,-1.0067,3,0.026,0.3891,4,0.0346,1.6016,0,0,-0.817,4,0.0346,1.1867,4,0.0346,1.044,0,0,-0.4826,2,0.0173,0.4468,3,0.026,1.4232,2,0.0173,0.847,3,0.026,1.2475,0,0,-1.0889,1,0.0087,-0.3801,2,0.0173,0.9067,3,0.026,1.4207,2,0.0173,0.6648,1,0.0087,-0.1633,1,0.0087,-0.1165,1,0.0087,-0.0765,0,0,-0.73,0,0,-0.7122,0,0,-0.7073,0,0,-0.9509,2,0.0173,0.8683,1,0.0087,0.0381,0,0,-0.6193,1,0.0087,0.1489,0,0,-1.2144,0,0,-0.9847,0,0,-1.1395,0,0,-0.7999,0,0,-0.9526,0,0,-0.8732,0,0,-0.4472,4,0.0346,1.7889,2,0.0173,1.4234,0,0,-0.6891,0,0,-0.6196,0,0,-0.5957,1,0.0087,0.408,0,0,-0.7879,0,0,-0.7895,1,0.0087,0.5067,0,0,-0.6906,0,0,-0.9126,0,0,-0.9384,0,0,-0.4472,1,0.0087,0.8074,0,0,-0.4472,2,0.0173,1.6753,1,0.0087,0.7389,0,0,-1.0652,0,0,-0.5703,0,0,-0.5709,0,0,-0.7116,0,0,-0.5099,0,0,-0.6009,0,0,-0.8709,0,0,-0.4472,0,0,-0.4472,0,0,-0.4472,2,0.0173,1.7889,2,0.0173,1.7889,0,0,-0.4472,0,0,-0.6212,0,0,-0.7125,0,0,-0.7077,0,0,-0.7077,1,0.0087,1.3477,1,0.0087,1.3477,0,0,-0.7144,0,0,-0.7144,0,0,-0.5396,0,0,-0.6629,0,0,-0.4472,0,0,-0.4472,0,0,-0.4472,0,0,-0.4472,0,0,-0.4472,0,0,-0.4472,0,0,-0.4472,0,0,-0.4472,0,0,-0.4472,0,0,-0.6961,0,0,-0.5684,0,0,-0.5684,0,0,-0.5684,1,0.0087,1.736,0,0,-0.4472,0,0,-0.4472,0,0,-0.4472,0,0,-0.4472,0,0,-0.7127,0,0,-0.7127,0,0,-0.4472,0,0,-0.4472,1,0.0087,1.7889,1,0.0087,1.7889,1,0.0087,1.7889,0,0,-0.4472,0,0,-0.4472,0,0,-0.618,0,0,-0.618,0,0,-0.4472,0,0,-0.4472,0,0,-0.4472,0,0,-0.4472,0,0,-0.4472,0,0,-0.4472,0,0,-0.4472,0,0,-0.4472,0,0,-0.4472,0,0,-0.4472,0,0,-0.4472,0,0,-0.4472,0,0,-0.4472,0,0,-0.4472,0,0,-0.4472,0,0,-0.4472,0,0,-0.4472,0,0,-0.4472,0,0,-0.4472,0,0,-0.4472,0,0,-0.4472,0,0,-0.4472,0,0,-0.4472,0,0,-0.4472,0,0,-0.4472,0,0,-0.4472,0,0,-0.4472,0,0,-0.4472,0,0,-0.4472,0,0,-0.4472,0,0,-0.4472,0,0,-0.4472,0,0,-0.4472,0,0,-0.4472,0,0,-0.4472,0,0,-0.4472,0,0,-0.4472,0,0,-0.4472,0,0,-0.4472,0,0,-0.4472,0,0,-0.4472,0,0,-0.4472,0,0,-0.4472,0,0,-0.4472
,,,,,,,,,,,,,,,,,,,,,,,,,,,,,,,,,,,,,,,,,,,,,,,,,,,,,,,,,,,,,,,,,,,,,,,,,,,,,,,,,,,,,,,,,,,,,,,,,,,,,,,,,,,,,,,,,,,,,,,,,,,,,,,,,,,,,,,,,,,,,,,,,,,,,,,,,,,,,,,,,,,,,,,,,,,,,,,,,,,,,,,,,,,,,,,,,,,,,,,,,,,,,,,,,,,,,,,,,,,,,,,,,,,,,,,,,,,,,,,,,,,,,,,,,,,,,,,,,,,,,,,,,,,,,,,,,,,,,,,,,,,,,,,,,,,,,,,,,,,,,,,,,,,,,,,,,,,,,,,,,,,,,,,,,,,,,,,,,,,,,,,,,,,,,,,,,,,,,,,,,,,,,,,,,,,,,,,,,,,,,,,,,,,,,,,,,,,,,,,,,,,,,,,,,,,,,,,,,,,,,,,,,,,,,,,,,,,,,,,,,,,,,,,,,,,,,,,,,,,,,,,,,,,,,,,,,,,,,,,,,,,,,,,,,,,,,,,,,,,,,,,,,,,,,,,,,,,,,,,,,,,,,,,,,,,,,,,,,,,,,,,,,,,,,,,,,,,,,,,,,,,,,,,,,,,,,,,,,,,,,,,,,,,,,,,,,,,,,,,,,,,,,,,,,,,,,,,,,,,,,,,,,,,,,,,,,,,,,,,,,,,,,,,,,,,,,,,,,,,,,,,,,,,,,,,,,,,,,,,,,,,,,,,,,,,,,,,
Total,99922,99922,16305,,,8744,,,6223,,,5365,,,4910,,,4445,,,4119,,,4090,,,3841,,,3673,,,2871,,,2795,,,2479,,,2611,,,2042,,,1828,,,1896,,,1672,,,1499,,,1227,,,1328,,,1017,,,1056,,,1062,,,930,,,912,,,967,,,799,,,768,,,775,,,573,,,481,,,514,,,399,,,446,,,438,,,364,,,297,,,290,,,253,,,199,,,119,,,233,,,160,,,152,,,136,,,133,,,125,,,111,,,106,,,95,,,85,,,66,,,82,,,76,,,80,,,67,,,71,,,63,,,55,,,41,,,39,,,47,,,40,,,42,,,27,,,40,,,34,,,21,,,21,,,32,,,23,,,22,,,28,,,24,,,18,,,54,,,23,,,25,,,18,,,15,,,45,,,26,,,20,,,12,,,13,,,15,,,14,,,10,,,9,,,13,,,11,,,10,,,13,,,8,,,16,,,12,,,12,,,7,,,7,,,10,,,16,,,18,,,15,,,12,,,6,,,6,,,7,,,11,,,10,,,6,,,8,,,8,,,7,,,6,,,10,,,7,,,4,,,4,,,8,,,5,,,8,,,5,,,8,,,6,,,5,,,7,,,8,,,9,,,5,,,12,,,3,,,11,,,3,,,4,,,5,,,5,,,4,,,6,,,4,,,4,,,3,,,2,,,2,,,2,,,2,,,2,,,8,,,4,,,4,,,2,,,2,,,4,,,4,,,5,,,5,,,3,,,3,,,6,,,6,,,2,,,2,,,2,,,2,,,2,,,2,,,2,,,3,,,2,,,2,,,2,,,2,,,5,,,5,,,5,,,5,,,3,,,3,,,1,,,1,,,1,,,1,,,1,,,4,,,4,,,2,,,2,,,1,,,1,,,1,,,1,,,3,,,3,,,1,,,1,,,1,,,1,,,2,,,2,,,2,,,2,,,2,,,2,,,1,,,1,,,1,,,1,,,1,,,1,,,1,,,1,,,1,,,1,,,1,,,1,,,1,,,1,,,1,,,1,,,1,,,1,,,1,,,1,,,1,,,1,,,1,,,1,,,1,,,1,,,1,,,1,,
,,,,,,,,,,,,,,,,,,,,,,,,,,,,,,,,,,,,,,,,,,,,,,,,,,,,,,,,,,,,,,,,,,,,,,,,,,,,,,,,,,,,,,,,,,,,,,,,,,,,,,,,,,,,,,,,,,,,,,,,,,,,,,,,,,,,,,,,,,,,,,,,,,,,,,,,,,,,,,,,,,,,,,,,,,,,,,,,,,,,,,,,,,,,,,,,,,,,,,,,,,,,,,,,,,,,,,,,,,,,,,,,,,,,,,,,,,,,,,,,,,,,,,,,,,,,,,,,,,,,,,,,,,,,,,,,,,,,,,,,,,,,,,,,,,,,,,,,,,,,,,,,,,,,,,,,,,,,,,,,,,,,,,,,,,,,,,,,,,,,,,,,,,,,,,,,,,,,,,,,,,,,,,,,,,,,,,,,,,,,,,,,,,,,,,,,,,,,,,,,,,,,,,,,,,,,,,,,,,,,,,,,,,,,,,,,,,,,,,,,,,,,,,,,,,,,,,,,,,,,,,,,,,,,,,,,,,,,,,,,,,,,,,,,,,,,,,,,,,,,,,,,,,,,,,,,,,,,,,,,,,,,,,,,,,,,,,,,,,,,,,,,,,,,,,,,,,,,,,,,,,,,,,,,,,,,,,,,,,,,,,,,,,,,,,,,,,,,,,,,,,,,,,,,,,,,,,,,,,,,,,,,,,,,,,,,,,,,,,,,,,,,,,,,,,,,,,,,,,,,,,,,,,,,,,,,,,,,,,,,,,,,,,,,,,,,,,,
,,,,,,,,,,,,,,,,,,,,,,,,,,,,,,,,,,,,,,,,,,,,,,,,,,,,,,,,,,,,,,,,,,,,,,,,,,,,,,,,,,,,,,,,,,,,,,,,,,,,,,,,,,,,,,,,,,,,,,,,,,,,,,,,,,,,,,,,,,,,,,,,,,,,,,,,,,,,,,,,,,,,,,,,,,,,,,,,,,,,,,,,,,,,,,,,,,,,,,,,,,,,,,,,,,,,,,,,,,,,,,,,,,,,,,,,,,,,,,,,,,,,,,,,,,,,,,,,,,,,,,,,,,,,,,,,,,,,,,,,,,,,,,,,,,,,,,,,,,,,,,,,,,,,,,,,,,,,,,,,,,,,,,,,,,,,,,,,,,,,,,,,,,,,,,,,,,,,,,,,,,,,,,,,,,,,,,,,,,,,,,,,,,,,,,,,,,,,,,,,,,,,,,,,,,,,,,,,,,,,,,,,,,,,,,,,,,,,,,,,,,,,,,,,,,,,,,,,,,,,,,,,,,,,,,,,,,,,,,,,,,,,,,,,,,,,,,,,,,,,,,,,,,,,,,,,,,,,,,,,,,,,,,,,,,,,,,,,,,,,,,,,,,,,,,,,,,,,,,,,,,,,,,,,,,,,,,,,,,,,,,,,,,,,,,,,,,,,,,,,,,,,,,,,,,,,,,,,,,,,,,,,,,,,,,,,,,,,,,,,,,,,,,,,,,,,,,,,,,,,,,,,,,,,,,,,,,,,,,,,,,,,,,,,,,,,,,,
,,,,,,,,,,,,,,,,,,,,,,,,,,,,,,,,,,,,,,,,,,,,,,,,,,,,,,,,,,,,,,,,,,,,,,,,,,,,,,,,,,,,,,,,,,,,,,,,,,,,,,,,,,,,,,,,,,,,,,,,,,,,,,,,,,,,,,,,,,,,,,,,,,,,,,,,,,,,,,,,,,,,,,,,,,,,,,,,,,,,,,,,,,,,,,,,,,,,,,,,,,,,,,,,,,,,,,,,,,,,,,,,,,,,,,,,,,,,,,,,,,,,,,,,,,,,,,,,,,,,,,,,,,,,,,,,,,,,,,,,,,,,,,,,,,,,,,,,,,,,,,,,,,,,,,,,,,,,,,,,,,,,,,,,,,,,,,,,,,,,,,,,,,,,,,,,,,,,,,,,,,,,,,,,,,,,,,,,,,,,,,,,,,,,,,,,,,,,,,,,,,,,,,,,,,,,,,,,,,,,,,,,,,,,,,,,,,,,,,,,,,,,,,,,,,,,,,,,,,,,,,,,,,,,,,,,,,,,,,,,,,,,,,,,,,,,,,,,,,,,,,,,,,,,,,,,,,,,,,,,,,,,,,,,,,,,,,,,,,,,,,,,,,,,,,,,,,,,,,,,,,,,,,,,,,,,,,,,,,,,,,,,,,,,,,,,,,,,,,,,,,,,,,,,,,,,,,,,,,,,,,,,,,,,,,,,,,,,,,,,,,,,,,,,,,,,,,,,,,,,,,,,,,,,,,,,,,,,,,,,,,,,,,,,,,,,,,,
z-score difference from Poly 1-2,,,,,,,,,,,,,,,,,,,,,,,,,,,,,,,,,,,,,,,,,,,,,,,,,,,,,,,,,,,,,,,,,,,,,,,,,,,,,,,,,,,,,,,,,,,,,,,,,,,,,,,,,,,,,,,,,,,,,,,,,,,,,,,,,,,,,,,,,,,,,,,,,,,,,,,,,,,,,,,,,,,,,,,,,,,,,,,,,,,,,,,,,,,,,,,,,,,,,,,,,,,,,,,,,,,,,,,,,,,,,,,,,,,,,,,,,,,,,,,,,,,,,,,,,,,,,,,,,,,,,,,,,,,,,,,,,,,,,,,,,,,,,,,,,,,,,,,,,,,,,,,,,,,,,,,,,,,,,,,,,,,,,,,,,,,,,,,,,,,,,,,,,,,,,,,,,,,,,,,,,,,,,,,,,,,,,,,,,,,,,,,,,,,,,,,,,,,,,,,,,,,,,,,,,,,,,,,,,,,,,,,,,,,,,,,,,,,,,,,,,,,,,,,,,,,,,,,,,,,,,,,,,,,,,,,,,,,,,,,,,,,,,,,,,,,,,,,,,,,,,,,,,,,,,,,,,,,,,,,,,,,,,,,,,,,,,,,,,,,,,,,,,,,,,,,,,,,,,,,,,,,,,,,,,,,,,,,,,,,,,,,,,,,,,,,,,,,,,,,,,,,,,,,,,,,,,,,,,,,,,,,,,,,,,,,,,,,,,,,,,,,,,,,,,,,,,,,,,,,,,,,,,,,,,,,,,,,,,,,,,,,,,,,,,,,,,,,
Polybius_Book6,,,,,1.4986,,,2.1218,,,0.0606,,,0.0803,,,1.8778,,,1.5227,,,2.2131,,,2.3118,,,0.3463,,,1.3301,,,0.4513,,,0.0092,,,1.371,,,0.8147,,,1.0634,,,1.9061,,,2.3832,,,0.3956,,,0.1824,,,2.6158,,,0.812,,,1.8247,,,1.934,,,0.4542,,,1.4398,,,0.7751,,,0.7306,,,0.7691,,,0.5326,,,1.6159,,,0.5835,,,1.9627,,,0.1524,,,1.8848,,,1.6983,,,1.068,,,1.6802,,,1.8379,,,2.1826,,,1.2148,,,2.3249,,,1.5383,,,1.0352,,,1.1151,,,2.391,,,1.9432,,,1.1156,,,0.9961,,,1.3462,,,0.01,,,2.1761,,,1.1235,,,2.8137,,,1.3261,,,0.8993,,,0.5449,,,2.257,,,1.3475,,,2.2064,,,0.4702,,,0.0349,,,0.8976,,,1.7779,,,0.5146,,,0.0167,,,0.0603,,,1.0273,,,0.422,,,0.3278,,,2.3725,,,0.6139,,,1.0209,,,0.9184,,,2.38,,,0.8189,,,2.2956,,,2.2361,,,1.4626,,,0.244,,,0.8468,,,1.0141,,,2.2361,,,0.0242,,,2.6205,,,2.2142,,,2.1946,,,0.7652,,,2.2087,,,1.8317,,,0.1098,,,2.1228,,,2.6107,,,0.9038,,,0.1345,,,0.5637,,,0.2682,,,0.7208,,,0.0907,,,1.1169,,,2.2721,,,1.3962,,,2.0628,,,1.983,,,0.0763,,,1.4671,,,1.4161,,,1.9956,,,0.4282,,,0.4053,,,1.4992,,,0.9026,,,0.3652,,,0.4683,,,2.0558,,,1.6786,,,0.6858,,,1.6609,,,0,,,0,,,0.61,,,1.2548,,,1.4972,,,2.3073,,,0.272,,,1.8569,,,0.5735,,,0.6648,,,0.92,,,1.429,,,1.448,,,2.2361,,,0,,,2.2361,,,0.8098,,,1.8204,,,1.5082,,,1.7666,,,0.5455,,,0.636,,,2.0248,,,0.6983,,,0.4997,,,0,,,0,,,0,,,0,,,0,,,2.2361,,,1.4872,,,1.471,,,1.42,,,1.42,,,1.5186,,,1.5186,,,0.5872,,,0.5872,,,1.9057,,,1.0636,,,2.2361,,,2.2361,,,2.2361,,,2.2361,,,2.2361,,,2.2361,,,2.2361,,,2.2361,,,2.2361,,,1.3129,,,0.5329,,,0.5329,,,0.5329,,,0.5574,,,2.2361,,,2.2361,,,2.2361,,,2.2361,,,0.6168,,,0.6168,,,0,,,0,,,0,,,0,,,0,,,2.2361,,,2.2361,,,1.5073,,,1.5073,,,0,,,0,,,0,,,0,,,2.2361,,,2.2361,,,2.2361,,,2.2361,,,2.2361,,,2.2361,,,2.2361,,,2.2361,,,2.2361,,,2.2361,,,2.2361,,,2.2361,,,2.2361,,,2.2361,,,2.2361,,,2.2361,,,2.2361,,,2.2361,,,2.2361,,,2.2361,,,2.2361,,,2.2361,,,2.2361,,,2.2361,,,2.2361,,,2.2361,,,2.2361,,,2.2361,,,2.2361,,,2.2361,,,2.2361,,,2.2361,,,2.2361,,,2.2361,,,2.2361,,,2.2361,,,2.2361,,,2.2361,,,2.2361,,,2.2361
Polybius_Book9,,,,,2.6232,,,1.6381,,,0.0021,,,1.6012,,,0.9298,,,0.9422,,,0.6745,,,1.5008,,,1.126,,,0.3899,,,0.6559,,,1.0837,,,2.1169,,,1.2577,,,1.5689,,,0.4749,,,1.1242,,,2.2026,,,0.6758,,,2.1203,,,1.3891,,,2.6025,,,1.0394,,,0.0626,,,2.3656,,,0.1831,,,0.2542,,,2.4807,,,1.3996,,,0.1402,,,0.9936,,,0.1754,,,1.7658,,,2.6088,,,0.0896,,,0.4538,,,2.267,,,0.8943,,,0.0946,,,0.979,,,1.4663,,,1.9145,,,1.3232,,,2.4509,,,1.9333,,,0.4994,,,1.7973,,,0.2935,,,0.8837,,,0.8324,,,1.3729,,,0.3183,,,1.3133,,,1.0392,,,0.114,,,0.4293,,,0.0975,,,0.5763,,,1.2902,,,1.5784,,,1.2396,,,1.0499,,,0.6662,,,0.8013,,,1.0173,,,2.307,,,0.4979,,,1.2228,,,2.0911,,,0.505,,,0.2456,,,1.5422,,,1.6725,,,2.3933,,,0.8872,,,1.0459,,,2.2361,,,1.1287,,,0.2388,,,1.6666,,,2.2084,,,2.2361,,,2.1873,,,1.2166,,,1.1011,,,0.0871,,,0.2869,,,0.1404,,,0.5465,,,1.7993,,,0.1451,,,0.6234,,,1.5902,,,1.21,,,0.8409,,,1.9042,,,0.7077,,,1.9343,,,0,,,0.8474,,,0.1975,,,2.6454,,,2.415,,,1.7869,,,0.6266,,,2.1204,,,1.9847,,,0.4282,,,1.7763,,,0.7986,,,1.5796,,,1.4762,,,1.2278,,,0.7049,,,1.6682,,,1.596,,,0.5102,,,2.2361,,,0,,,1.4369,,,0,,,0.8004,,,0,,,1.8018,,,0.5704,,,1.8537,,,1.5272,,,1.2665,,,2.4195,,,0.8798,,,2.2361,,,1.9751,,,2.2361,,,0,,,0.3785,,,0.6363,,,0.5425,,,1.7636,,,1.461,,,0.2624,,,0.6983,,,1.6656,,,2.2361,,,2.2361,,,2.2361,,,0,,,0,,,2.2361,,,0.8094,,,0.6205,,,2.1184,,,2.1184,,,1.5186,,,1.5186,,,2.0796,,,2.0796,,,0.3962,,,1.1872,,,2.2361,,,2.2361,,,0,,,0,,,0,,,0,,,0,,,0,,,0,,,1.3129,,,1.7761,,,1.7761,,,1.7761,,,0.5574,,,2.2361,,,2.2361,,,2.2361,,,2.2361,,,1.4734,,,1.4734,,,2.2361,,,2.2361,,,0,,,0,,,0,,,2.2361,,,2.2361,,,0.7913,,,0.7913,,,0,,,0,,,0,,,0,,,2.2361,,,2.2361,,,0,,,0,,,0,,,0,,,2.2361,,,2.2361,,,2.2361,,,2.2361,,,2.2361,,,2.2361,,,2.2361,,,2.2361,,,2.2361,,,2.2361,,,2.2361,,,2.2361,,,2.2361,,,2.2361,,,2.2361,,,2.2361,,,2.2361,,,2.2361,,,2.2361,,,2.2361,,,2.2361,,,2.2361,,,2.2361,,,2.2361,,,2.2361,,,2.2361,,,2.2361,,,2.2361,,,2.2361,,,2.2361,,,2.2361,,,2.2361,,,2.2361,,,2.2361
Polybius_Book10,,,,,0.5589,,,0.3969,,,0.2663,,,0.7502,,,0.7949,,,0.3123,,,0.479,,,0.0167,,,0.0753,,,2.047,,,0.914,,,0.3115,,,0.0504,,,0.9778,,,0.783,,,1.47,,,1.822,,,0.2062,,,0.1554,,,2.0088,,,1.3221,,,2.1466,,,0.6921,,,1.1065,,,0.5032,,,1.8644,,,0.0178,,,1.2952,,,0.8452,,,0.5662,,,0.899,,,1.0161,,,0.755,,,0.8359,,,0.2721,,,1.5621,,,1.9009,,,0.0241,,,0.2226,,,0.6314,,,0.2142,,,1.5526,,,1.9696,,,0.1619,,,1.1401,,,0.8696,,,0.5833,,,1.3954,,,0.8054,,,1.7115,,,0.0985,,,2.1813,,,1.2283,,,0.6615,,,0.8654,,,1.4728,,,0.5419,,,1.188,,,0.6304,,,0.4906,,,2.4095,,,0.8976,,,0.0766,,,1.706,,,1.2008,,,0.5001,,,2.0546,,,0.9669,,,2.1824,,,0,,,2.4863,,,0.834,,,0.6075,,,1.9811,,,1.0113,,,1.0912,,,2.2361,,,0.3763,,,1.6559,,,0.4235,,,0.8395,,,2.2361,,,1.3293,,,0.4913,,,1.7182,,,0.0871,,,0.6782,,,0.4054,,,0,,,0.1098,,,0.1451,,,1.2859,,,0.3203,,,1.2772,,,1.9683,,,0,,,1.6776,,,0.2115,,,1.2999,,,0,,,1.4095,,,1.9673,,,2.415,,,1.7869,,,1.4671,,,0,,,0.7742,,,1.6928,,,1.7763,,,0.7986,,,2.7305,,,0.213,,,1.0758,,,0.4112,,,0.2176,,,0.7107,,,1.1745,,,0,,,0,,,1.4369,,,2.1908,,,0.8004,,,0.6714,,,1.8018,,,0.3714,,,0.3734,,,1.5272,,,1.2665,,,1.2666,,,0.7881,,,2.2361,,,1.541,,,2.2361,,,0,,,0.3785,,,0.165,,,0.5425,,,0.5455,,,1.461,,,0.2624,,,1.6077,,,1.1897,,,0,,,0,,,0,,,0,,,0,,,2.2361,,,0.8094,,,1.471,,,0,,,0,,,1.5186,,,1.5186,,,2.0796,,,2.0796,,,0.3962,,,1.0636,,,2.2361,,,2.2361,,,0,,,0,,,0,,,0,,,0,,,0,,,0,,,0.8549,,,0.5329,,,0.5329,,,0.5329,,,0.5574,,,2.2361,,,2.2361,,,2.2361,,,2.2361,,,1.4734,,,1.4734,,,0,,,0,,,0,,,0,,,0,,,2.2361,,,2.2361,,,0.7913,,,0.7913,,,2.2361,,,2.2361,,,2.2361,,,2.2361,,,2.2361,,,2.2361,,,0,,,0,,,0,,,0,,,2.2361,,,2.2361,,,2.2361,,,2.2361,,,2.2361,,,2.2361,,,2.2361,,,2.2361,,,2.2361,,,2.2361,,,2.2361,,,2.2361,,,2.2361,,,2.2361,,,2.2361,,,2.2361,,,2.2361,,,2.2361,,,2.2361,,,2.2361,,,2.2361,,,2.2361,,,2.2361,,,2.2361,,,2.2361,,,2.2361,,,2.2361,,,2.2361,,,2.2361,,,2.2361,,,2.2361,,,2.2361,,,2.2361,,,2.2361
Polybius_Book21,,,,,1.3883,,,0.0658,,,2.2701,,,2.2095,,,0.766,,,0.8348,,,0.4091,,,1.0287,,,2.316,,,0.3603,,,1.6057,,,2.0931,,,0.0943,,,1.2136,,,0.8341,,,1.0502,,,2.3556,,,0.3688,,,2.1805,,,1.6795,,,0.9787,,,1.9851,,,0.6125,,,1.656,,,0.1294,,,0.5708,,,1.8899,,,0.1736,,,1.1473,,,2.3115,,,1.3655,,,0.4445,,,2.0461,,,1.567,,,1.0261,,,0.5068,,,0.3584,,,0.4336,,,0.2227,,,1.0847,,,0.2856,,,2.7601,,,2.6556,,,0.4351,,,0.4236,,,0.2555,,,0.2406,,,1.086,,,0.9015,,,1.0589,,,0.2045,,,0.379,,,1.4947,,,0.8519,,,1.7816,,,1.453,,,0.2114,,,0.6738,,,0.2565,,,1.0406,,,0.6721,,,2.7454,,,0.6662,,,0.6228,,,1.3342,,,1.3093,,,0.2206,,,1.2029,,,0.9003,,,1.2015,,,0.3622,,,0.4561,,,0.6075,,,1.3562,,,1.2346,,,0.1947,,,2.2361,,,0.6677,,,1.6559,,,0.8089,,,0.3605,,,2.2361,,,1.6616,,,1.4272,,,0,,,0.9915,,,1.7129,,,0.3326,,,2.0779,,,1.6999,,,0.1451,,,1.6885,,,2.4826,,,1.0083,,,2.4026,,,1.9042,,,0.5374,,,0.68,,,2.3801,,,1.6109,,,0.2502,,,1.8145,,,1.7989,,,1.7869,,,1.4671,,,0,,,0,,,1.2945,,,0.7392,,,0.7986,,,1.4893,,,1.2935,,,1.0758,,,0.6314,,,0.2176,,,1.596,,,0.5102,,,0,,,2.2361,,,0.9083,,,0,,,0.8004,,,0,,,0.3229,,,0.5704,,,0.5735,,,0.036,,,1.2665,,,2.4195,,,0.7881,,,2.2361,,,1.8883,,,2.2361,,,2.2966,,,1.1895,,,1.5082,,,0.5425,,,0.5455,,,1.461,,,0.2624,,,0.6983,,,0.4997,,,0,,,0,,,0,,,2.2361,,,2.2361,,,2.2361,,,0.8094,,,1.471,,,0,,,0,,,0.5457,,,0.5457,,,2.0796,,,2.0796,,,0.3962,,,1.0636,,,2.2361,,,2.2361,,,0,,,0,,,0,,,0,,,0,,,0,,,0,,,1.3129,,,0.5329,,,0.5329,,,0.5329,,,1.7519,,,2.2361,,,2.2361,,,2.2361,,,2.2361,,,1.4734,,,1.4734,,,0,,,0,,,2.2361,,,2.2361,,,2.2361,,,2.2361,,,2.2361,,,0.7913,,,0.7913,,,0,,,0,,,0,,,0,,,2.2361,,,2.2361,,,0,,,0,,,0,,,0,,,2.2361,,,2.2361,,,2.2361,,,2.2361,,,2.2361,,,2.2361,,,2.2361,,,2.2361,,,2.2361,,,2.2361,,,2.2361,,,2.2361,,,2.2361,,,2.2361,,,2.2361,,,2.2361,,,2.2361,,,2.2361,,,2.2361,,,2.2361,,,2.2361,,,2.2361,,,2.2361,,,2.2361,,,2.2361,,,2.2361,,,2.2361,,,2.2361,,,2.2361,,,2.2361,,,2.2361,,,2.2361,,,2.2361,,,2.2361
